Period,Dependente,Independente,Dickey-Fuller,ADF,Beta,HalfLife,Hurst,Corr,Signal,SignalStr,PeriodQt,PeriodStr
250,ABEV3,BBAS3,0.04919007264859725,90,0.29819688557124024,11,0.42725646825031616,0.9160425173576174,0.2970632142574986,Short/Long,3,"100,180,250"
250,ABEV3,BBDC3,0.03367213082437094,95,0.4362189289990198,12,0.404306741458336,0.933717961955855,0.5647577155718815,Short/Long,7,"140,160,180,200,220,240,250"
250,ABEV3,BBDC4,0.01616918202641232,95,0.4089074768593294,10,0.39105905618367137,0.9356898102775619,0.6169548488207891,Short/Long,6,"160,180,200,220,240,250"
250,ABEV3,BBSE3,0.04329236461126367,95,0.6062660836724397,11,0.29301899267236353,0.9023942923676901,0.10098373982015335,Long/Short,9,"100,120,140,160,180,200,220,240,250"
250,ABEV3,BRFS3,0.003846424078964,99,0.3597745153625961,7,0.39305721999746795,0.945401692982335,0.29850985262397645,Short/Long,6,"160,180,200,220,240,250"
250,ABEV3,CIEL3,0.02879406745747453,95,1.761866797020578,7,0.3334144402535091,0.9274063124705083,0.4230545257458918,Short/Long,4,"200,220,240,250"
250,ABEV3,CVCB3,0.019387617596635116,95,0.1732386088723752,9,0.3695880810831563,0.9530129053811899,0.345821913767706,Short/Long,7,"100,120,140,160,220,240,250"
250,ABEV3,ELET3,0.004245480749157707,99,0.3761806150319565,8,0.4074310325574987,0.9079762483299749,0.3900753373647992,Long/Short,9,"100,120,140,160,180,200,220,240,250"
250,ABEV3,ELET6,0.012960270308164013,95,0.4065296222529996,11,0.4652702958256448,0.8912906574588875,0.2513653928078074,Long/Short,7,"100,120,180,200,220,240,250"
250,ABEV3,GOLL4,0.026846168297972272,95,0.2615732373034654,7,0.43248202199257607,0.9589018127286801,0.031832634824326224,Short/Long,7,"100,120,140,160,180,240,250"
250,ABEV3,HGTX3,0.015733178513977708,95,0.34051242564028383,8,0.30758544615613775,0.9618994072447606,0.9384123762262805,Short/Long,3,"220,240,250"
250,ABEV3,ITUB4,0.0050211860434301115,99,0.5141132285502166,8,0.38222320719050834,0.9483724410446471,0.24538539852468938,Short/Long,9,"100,120,140,160,180,200,220,240,250"
250,ABEV3,JBSS3,0.019631267626508044,95,0.6565601333971682,11,0.3745493628000321,0.7966800911100468,0.07118671862036655,Short/Long,6,"160,180,200,220,240,250"
250,ABEV3,SANB11,0.023469433274243758,95,0.3288223358728322,10,0.3903546216648625,0.9427318092691247,0.5093925988772171,Short/Long,9,"100,120,140,160,180,200,220,240,250"
250,AZUL4,BBAS3,0.001143491465791618,99,1.750822814736759,9,0.39976440972454264,0.9493600355177987,0.22275422091856006,Long/Short,9,"100,120,140,160,180,200,220,240,250"
250,AZUL4,BBDC3,0.003932954784379245,99,2.531166627609621,10,0.41390206926534007,0.9563308422425735,0.028184479746466724,Short/Long,9,"100,120,140,160,180,200,220,240,250"
250,AZUL4,BBDC4,0.006723034400340608,99,2.3250283740687374,12,0.4246601567065734,0.9390988867613754,0.030594529195028704,Short/Long,9,"100,120,140,160,180,200,220,240,250"
250,AZUL4,BBSE3,0.0003540898693617484,99,3.6552633297153756,6,0.23583190407001847,0.9603464962055137,0.8157832088532612,Long/Short,9,"100,120,140,160,180,200,220,240,250"
250,AZUL4,CIEL3,0.016944868061887712,95,10.031743403578622,8,0.3761617746201814,0.9320723216788956,0.13332295475916475,Long/Short,3,"120,240,250"
250,AZUL4,EMBR3,0.02806740298462007,95,3.419622411090616,11,0.4693376647008991,0.9650285363182627,0.5496027395986273,Short/Long,1,250
250,AZUL4,IGTA3,0.03316248011461906,95,1.962776555654706,7,0.31373120575490565,0.962892170962073,0.023580201606113096,Short/Long,6,"100,120,140,220,240,250"
250,AZUL4,ITSA4,0.0017500056144721494,99,8.33526348711651,8,0.3584833239520435,0.9648291880323202,0.3446909706410056,Long/Short,9,"100,120,140,160,180,200,220,240,250"
250,AZUL4,ITUB4,0.013293801485474743,95,2.8968693384817117,11,0.35149123187278264,0.943246654780198,0.4051750168997778,Long/Short,6,"100,120,200,220,240,250"
250,AZUL4,SANB11,0.033058680596108024,95,1.8733854040898918,13,0.45711912402090965,0.9480477314020445,0.11380767364044587,Long/Short,3,"100,120,250"
250,AZUL4,VIVT4,0.03761993872655183,95,3.563173234014865,10,0.17739882274102728,0.8011790176721926,0.2450129230279504,Long/Short,9,"100,120,140,160,180,200,220,240,250"
250,B3SA3,BPAC11,0.04175827342807699,95,0.28137150148727375,8,0.3390606667337959,0.8245824088778816,0.9881697787966977,Short/Long,5,"100,200,220,240,250"
250,B3SA3,SBSP3,0.024048543931784287,95,0.4944253638266345,8,0.24409521102594642,0.8123880004827391,1.3018074090402953,Short/Long,3,"220,240,250"
250,B3SA3,VALE3,0.04391012796082306,95,0.5858543333841313,12,0.48330898726345306,0.57669499672703,0.6641946106229232,Short/Long,4,"200,220,240,250"
250,BBAS3,BBSE3,0.009244289654564997,95,1.918073142546686,9,0.3018015588831543,0.9293636939115002,0.5477914544692212,Long/Short,9,"100,120,140,160,180,200,220,240,250"
250,BBAS3,BRDT3,0.023729075049546803,95,1.9389907703779516,13,0.4051590759309973,0.9094142698297422,0.43979927186975293,Long/Short,4,"200,220,240,250"
250,BBAS3,BRFS3,0.03226291216881066,95,1.0079692496942712,14,0.4570604011043835,0.8622252438354783,0.2386101992961642,Long/Short,1,250
250,BBAS3,CIEL3,0.03046619524124375,95,5.265271095879685,10,0.4184430135073919,0.9022049073067551,0.0665998058003882,Long/Short,3,"120,240,250"
250,BBAS3,CMIG4,0.020034740723107403,95,3.8132651786892136,12,0.37715804886452925,0.9378287602493917,0.37423004644073965,Long/Short,7,"100,120,140,200,220,240,250"
250,BBAS3,EMBR3,0.009698026759988662,95,1.855066565911701,8,0.3303292412345434,0.9654565891840613,0.7036910909965317,Short/Long,4,"200,220,240,250"
250,BBAS3,ENBR3,0.04810985834649203,95,3.780549237646596,15,0.3911371093857149,0.8438477458123033,0.47799593956631053,Long/Short,4,"100,120,140,250"
250,BBAS3,GOLL4,0.001118966791807019,99,0.8023091853434567,7,0.37858303663054005,0.9574366948534327,0.5622817474528136,Long/Short,8,"120,140,160,180,200,220,240,250"
250,BBAS3,IGTA3,0.002550743580836039,99,1.03063240588579,10,0.2498160805486261,0.9324420253005354,0.06770591368076646,Short/Long,9,"100,120,140,160,180,200,220,240,250"
250,BBAS3,ITSA4,0.02791874761243957,95,4.5155745759922645,12,0.3060912006179158,0.9639519165243629,0.1961633184466245,Long/Short,7,"100,120,140,200,220,240,250"
250,BBAS3,ITUB4,0.028150648803222593,95,1.6191026256408114,10,0.32593093494754943,0.972259052056346,0.3407523873640889,Long/Short,5,"100,120,140,240,250"
250,BBAS3,LREN3,0.030351036961741018,95,1.0999283356693335,14,0.3314220577321523,0.8811280528237478,0.364219614248847,Long/Short,9,"100,120,140,160,180,200,220,240,250"
250,BBAS3,MULT3,0.03264987074274147,95,1.6791696671753225,16,0.26707208576136166,0.8824073824040565,0.048146504060883194,Short/Long,9,"100,120,140,160,180,200,220,240,250"
250,BBAS3,VIVT4,0.023963890483276906,95,1.6883384979184362,15,0.2911962672735483,0.70010536323398,0.24016059416844224,Long/Short,9,"100,120,140,160,180,200,220,240,250"
250,BBDC3,BBSE3,0.015718641210268197,95,1.3608469899307578,9,0.2771567039894568,0.9463050490365839,0.8415681291295684,Long/Short,8,"120,140,160,180,200,220,240,250"
250,BBDC3,CIEL3,0.009851979060399989,95,3.7859770362722776,8,0.39771651890886534,0.9310301508570075,0.2394165190028219,Long/Short,8,"100,120,160,180,200,220,240,250"
250,BBDC3,EMBR3,0.02291301044880682,95,1.3010499795789754,9,0.3703840840527342,0.9717813387498179,0.4716279354531247,Short/Long,5,"160,200,220,240,250"
250,BBDC3,GOLL4,0.012242791553111183,95,0.5611169433567591,8,0.34913356647371213,0.9609991615129772,0.8604085946994884,Long/Short,4,"200,220,240,250"
250,BBDC3,SANB11,0.008344206691563317,99,0.7374301182862345,7,0.29359487262977485,0.9877260682145346,0.31255791868666133,Long/Short,7,"120,140,180,200,220,240,250"
250,BBDC4,BBSE3,0.031146570670740694,95,1.4172995034087847,11,0.2735932163653304,0.9219085721656708,0.7690781941094371,Long/Short,8,"120,140,160,180,200,220,240,250"
250,BBDC4,BRFS3,0.03409725128439584,95,0.7665661522153527,14,0.4810019806675565,0.8802960833120406,0.42781012961544385,Long/Short,1,250
250,BBDC4,CIEL3,0.012329628800223612,95,4.026128816963998,8,0.3595643182546404,0.9261424575984633,0.2800751608065083,Long/Short,9,"100,120,140,160,180,200,220,240,250"
250,BBDC4,EMBR3,0.006924675768520278,99,1.3942433427255128,8,0.31838536646240073,0.9741313319549885,0.4340677731456442,Short/Long,9,"100,120,140,160,180,200,220,240,250"
250,BBDC4,GOLL4,0.004115061653581416,99,0.597401392262889,8,0.3664845316262451,0.9570623115423615,0.8793169790592584,Long/Short,3,"220,240,250"
250,BBDC4,HGTX3,0.03651776234454762,95,0.7562589759819937,12,0.4375891297747351,0.9335990190313623,0.07555241209738042,Long/Short,3,"100,240,250"
250,BBDC4,SANB11,0.020821640453523426,95,0.7843113123137616,10,0.2742002841682538,0.9826717739443873,0.362556605108283,Long/Short,4,"200,220,240,250"
250,BBSE3,BRDT3,0.007174371196693372,99,0.9542707630848927,8,0.3348430353952397,0.9237130995156929,0.013474835464187056,Long/Short,4,"200,220,240,250"
250,BBSE3,BRML3,0.026615088966870752,95,1.2877012565563843,9,0.22175898625361581,0.9213080858507228,0.5208532408942573,Short/Long,7,"100,120,160,180,220,240,250"
250,BBSE3,CCRO3,0.01148547075016437,95,1.708206974322945,8,0.24058654805871968,0.8924443867123186,0.5947885205522393,Long/Short,9,"100,120,140,160,180,200,220,240,250"
250,BBSE3,CIEL3,0.0013774612686108568,99,2.6448517003806886,6,0.2347273773105765,0.9353307997448572,0.4627781775941457,Short/Long,9,"100,120,140,160,180,200,220,240,250"
250,BBSE3,EMBR3,0.0361317226711931,95,0.8660633954334486,10,0.27102218296174146,0.9302558243574505,0.8865566793491497,Short/Long,4,"180,200,240,250"
250,BBSE3,GOLL4,0.022186308401853636,95,0.374239799479394,9,0.25093172670171693,0.9217172968212712,0.02100463486492375,Long/Short,9,"100,120,140,160,180,200,220,240,250"
250,BBSE3,IGTA3,0.010430771031700698,95,0.49969541225938735,8,0.2668527105976704,0.9330455999260744,0.5444084808103662,Short/Long,6,"100,120,200,220,240,250"
250,BBSE3,ITSA4,0.0003684342569926862,99,2.204264289842933,5,0.2678957911310785,0.9711481308250832,0.5156626793922259,Short/Long,9,"100,120,140,160,180,200,220,240,250"
250,BBSE3,ITUB4,0.013316880127298788,95,0.7578846502945593,9,0.29557949284029494,0.9392694373286421,0.21320583497720216,Short/Long,9,"100,120,140,160,180,200,220,240,250"
250,BBSE3,LREN3,0.004053062244331382,99,0.5578458487328182,7,0.2762446465599489,0.9222917107391692,0.05007806175611293,Short/Long,9,"100,120,140,160,180,200,220,240,250"
250,BBSE3,MULT3,0.04187127703337787,95,0.8368910045103246,10,0.267844245195335,0.9076594087404734,0.5047123814343497,Short/Long,2,"120,250"
250,BBSE3,PETR3,0.006137943812833707,99,0.6716460784923981,7,0.3591070652706809,0.9342803499460279,0.21642494271170218,Long/Short,5,"180,200,220,240,250"
250,BBSE3,PETR4,0.006386180732759894,99,0.7701475144555638,7,0.3506361200409332,0.9354717756199772,0.24619267379901477,Long/Short,5,"180,200,220,240,250"
250,BBSE3,SANB11,0.009040027291811286,99,0.4916737670657336,8,0.29081885811224734,0.947045449889566,0.5389297546544125,Short/Long,9,"100,120,140,160,180,200,220,240,250"
250,BBSE3,VIVT4,0.021375155867519636,95,0.9207281209482532,9,0.24185606585552524,0.7879791941136313,0.08925469342067756,Short/Long,8,"120,140,160,180,200,220,240,250"
250,BEEF3,BRAP4,0.0440636259042505,95,0.4505913756840055,12,0.4560761755460515,0.752040642007121,0.10919960337367206,Short/Long,2,"240,250"
250,BEEF3,SUZB3,0.028505389537308842,95,0.4040437363059308,10,0.3279661671620402,0.8262656203986242,0.47634731349853415,Short/Long,1,250
250,BPAC11,SBSP3,0.00047163722855717396,99,1.669176985227839,6,0.23427509747840095,0.9358606537377449,0.726079812219249,Short/Long,8,"120,140,160,180,200,220,240,250"
250,BRAP4,CSAN3,0.010118760315198119,95,0.31036404650218663,8,0.3189618338239112,0.8430096162480677,0.2378027971144631,Short/Long,7,"120,160,180,200,220,240,250"
250,BRAP4,GNDI3,0.01956171651933239,95,0.31011018218391084,10,0.37390840156782135,0.7804736955971271,0.06723719588307252,Short/Long,9,"100,120,140,160,180,200,220,240,250"
250,BRAP4,HAPV3,0.025061897027141806,95,0.37258614770803244,10,0.38221247980288103,0.7248688568405508,0.027415702073092973,Short/Long,8,"120,140,160,180,200,220,240,250"
250,BRAP4,KLBN11,0.021319919482914215,95,1.286343876438567,9,0.3167076621356576,0.7878314876670316,0.0817508964205083,Long/Short,4,"100,220,240,250"
250,BRAP4,TAEE11,0.017235181186759492,95,2.0454776749875716,8,0.3116245963357609,0.8084366598641352,0.9868386017493128,Short/Long,6,"160,180,200,220,240,250"
250,BRAP4,VVAR3,0.026004647958514263,95,0.920861499322071,10,0.4021455173080761,0.7832656147947319,0.23013082391971265,Long/Short,5,"100,200,220,240,250"
250,BRDT3,CMIG4,0.02573545550764599,95,1.7264292486855495,14,0.3483376834150181,0.9052932908195187,0.01561313342124787,Long/Short,7,"120,140,180,200,220,240,250"
250,BRDT3,ELET3,0.04802952091611261,95,0.533340502271179,13,0.3577641724935362,0.8934784671150074,0.4420235803125818,Long/Short,8,"100,120,140,160,180,200,220,250"
250,BRDT3,ITSA4,0.03705065445800714,95,2.0380486947502785,11,0.433469124281698,0.9276216700500124,0.17854630798849597,Short/Long,2,"240,250"
250,BRDT3,ITUB4,0.043951431349054576,95,0.7035794098546031,12,0.45396401968908373,0.9008131490797249,0.04863137913486927,Short/Long,3,"220,240,250"
250,BRDT3,LREN3,0.019839549747882282,95,0.5482235031866137,9,0.3155285832220267,0.9363673583312019,0.0129436811382711,Long/Short,8,"120,140,160,180,200,220,240,250"
250,BRDT3,PETR3,0.0017343996981172899,99,0.6551628803363623,7,0.3242822186115653,0.9415004468453114,0.31241247005913275,Long/Short,9,"100,120,140,160,180,200,220,240,250"
250,BRDT3,PETR4,0.0020793376720289972,99,0.7479168170848003,7,0.32234146412533815,0.9385222752739808,0.33831008112030975,Long/Short,9,"100,120,140,160,180,200,220,240,250"
250,BRDT3,VIVT4,0.04811923382079272,95,0.8248856158928431,15,0.3721704766924187,0.729309026932048,0.01902827634052868,Long/Short,1,250
250,BRFS3,CIEL3,0.036336404699915004,95,4.455852636909623,10,0.4255217292740247,0.8925690367510835,0.01596876620585503,Short/Long,1,250
250,BRFS3,CVCB3,0.0014216803282139858,99,0.4538183392747054,8,0.38406198303923306,0.9500580834982384,0.08142033556818415,Long/Short,4,"160,220,240,250"
250,BRFS3,ELET3,0.018777657011205973,95,0.9957728975264406,10,0.3620921742772774,0.9146446505477788,0.7170421236656246,Long/Short,3,"120,240,250"
250,BRFS3,ELET6,0.019224105545392407,95,1.0909731495271278,10,0.37470113867377497,0.9102385844684354,0.5686292735473798,Long/Short,3,"120,240,250"
250,BRFS3,HGTX3,0.009309094822845292,95,0.8810168501662554,10,0.4048028781692376,0.9470980198542182,0.36558933474675204,Short/Long,2,"240,250"
250,BRFS3,ITUB4,0.017969790313307452,95,1.2982757573324388,11,0.4352348665331802,0.9113834024817179,0.17238646895714718,Long/Short,3,"180,200,250"
250,BRFS3,JBSS3,0.047401971085940776,95,1.9212404785802193,9,0.4257479397797896,0.8871666447683273,0.06561483632347824,Long/Short,4,"180,220,240,250"
250,BRKM5,CMIG4,0.0479182797922465,95,2.179149661325865,12,0.4412697839436804,0.8645049494944365,0.04948275195755355,Long/Short,1,250
250,BRKM5,CSNA3,0.00752219163149725,99,1.7245578958495715,7,0.41249433965228205,0.9150284312388707,0.5532281188903901,Long/Short,8,"120,140,160,180,200,220,240,250"
250,BRKM5,ENBR3,0.034307647162947166,95,2.178960120246809,13,0.4570696364935991,0.7845350740522105,0.22375303701257124,Long/Short,2,"240,250"
250,BRKM5,GOLL4,0.02132543375054919,95,0.4432657811860071,10,0.4641571004805103,0.8532698433905287,0.13145474795896148,Long/Short,2,"240,250"
250,BRKM5,MRVE3,0.014303919188111393,95,1.7385623523221745,8,0.3664426527485753,0.8591242861403453,0.7601912346847095,Long/Short,8,"120,140,160,180,200,220,240,250"
250,BRKM5,PETR3,0.03302033649860563,95,0.7823525505309123,12,0.38294501264028946,0.8505770468229538,0.2625082311254371,Long/Short,9,"100,120,140,160,180,200,220,240,250"
250,BRKM5,PETR4,0.038589782308466075,95,0.8840153872645645,13,0.3771429217709273,0.839249362410542,0.2790165075717089,Long/Short,9,"100,120,140,160,180,200,220,240,250"
250,BRKM5,RENT3,0.04857819984350446,90,0.6185966819827871,13,0.43578672984961675,0.7772382512263754,0.5596114669355222,Long/Short,3,"220,240,250"
250,BRML3,IGTA3,0.036652520172866014,95,0.37525792522468626,7,0.24977408944916182,0.9793492989295967,0.14877731482533468,Long/Short,9,"100,120,140,160,180,200,220,240,250"
250,BRML3,LREN3,0.018136550119332587,95,0.4190699826280274,5,0.2864609359838673,0.9683913255774044,0.8626414479339454,Long/Short,6,"160,180,200,220,240,250"
250,BRML3,MULT3,1.8200172389726374e-07,99,0.6529006081391933,3,0.1289073654359309,0.9897176697800893,0.09345872361085875,Short/Long,9,"100,120,140,160,180,200,220,240,250"
250,BRML3,VIVT4,0.0001979077618207057,99,0.7311535792976128,6,0.2054079632595079,0.8745853332711295,0.3052214130875768,Long/Short,9,"100,120,140,160,180,200,220,240,250"
250,CCRO3,CYRE3,0.04607074718420242,95,0.35247334900729876,9,0.3620218150330817,0.9160510632966721,0.10651148475072789,Long/Short,7,"100,120,140,160,180,220,250"
250,CCRO3,ENBR3,0.035253128640461213,95,0.9901824786348938,10,0.26456078361811364,0.8730984621283003,0.3573743552632943,Short/Long,9,"100,120,140,160,180,200,220,240,250"
250,CCRO3,ITSA4,0.03281224177287079,95,1.0050274722076553,10,0.3305134894611449,0.8475377973177896,0.5622161338555864,Short/Long,8,"120,140,160,180,200,220,240,250"
250,CCRO3,LREN3,0.010402422378825852,95,0.2960335692745817,6,0.2642655213710801,0.9368161945163711,0.7832477343370675,Short/Long,9,"100,120,140,160,180,200,220,240,250"
250,CCRO3,MRVE3,0.03888708588685073,95,0.6715464048291954,10,0.30264527968008514,0.8126932583129016,0.20236285087578362,Long/Short,9,"100,120,140,160,180,200,220,240,250"
250,CCRO3,PETR3,0.014756919990489992,95,0.3236341777810279,8,0.31559355518930043,0.8616887824938538,0.27950715974203993,Short/Long,9,"100,120,140,160,180,200,220,240,250"
250,CCRO3,PETR4,0.004401558998702279,99,0.3785225763798532,8,0.3110358882610846,0.8800510927206752,0.29336710515564823,Short/Long,9,"100,120,140,160,180,200,220,240,250"
250,CCRO3,RAIL3,0.03878557018085887,95,0.8875052958873091,10,0.3048306400170825,0.8302524215380297,0.4396991316031155,Long/Short,2,"240,250"
250,CCRO3,UGPA3,0.03501722862221045,95,0.520333723206694,11,0.3564079852230868,0.8677694460393358,0.04386570995645417,Long/Short,7,"100,120,140,160,180,200,250"
250,CCRO3,USIM5,0.0379514135243981,95,1.0707262422779604,10,0.3336483258081735,0.8209060972358162,0.13227734697448618,Long/Short,9,"100,120,140,160,180,200,220,240,250"
250,CCRO3,VIVT4,0.004612301391217824,99,0.49086928703780086,9,0.23979712426326646,0.8040971652823081,0.525650179393894,Short/Long,8,"120,140,160,180,200,220,240,250"
250,CIEL3,EMBR3,0.015090953725710423,95,0.31154112340236684,6,0.258593738454601,0.9462462823645086,0.41076169150823866,Short/Long,6,"100,120,200,220,240,250"
250,CIEL3,GOLL4,0.04570936518772498,95,0.13014634407667786,10,0.4033285687324477,0.9063915096492045,0.5231299740277476,Long/Short,2,"220,250"
250,CIEL3,HGTX3,0.009915223798512434,95,0.1767246708127767,5,0.3010355139757311,0.9484116884268243,0.13081866520630692,Short/Long,5,"100,200,220,240,250"
250,CIEL3,ITSA4,0.002018372661771593,99,0.7617326381704798,6,0.3025831789049737,0.9489874479531744,0.30303215321188914,Long/Short,7,"120,160,180,200,220,240,250"
250,CIEL3,ITUB4,0.0016900491054392935,99,0.2685715955823118,6,0.27150384036422653,0.9412028842464888,0.38892245493485017,Long/Short,6,"160,180,200,220,240,250"
250,CIEL3,SANB11,0.005225682911138675,99,0.1731368373952039,6,0.3349978615412928,0.9430166370082262,0.10576097046139965,Long/Short,9,"100,120,140,160,180,200,220,240,250"
250,CMIG4,ELET3,0.01619971471696969,95,0.28608729329076954,12,0.3778108817706075,0.9139818614951002,0.5776835080394849,Long/Short,8,"120,140,160,180,200,220,240,250"
250,CMIG4,ELET6,0.02080093754772301,95,0.31331319871397045,13,0.4102641756478481,0.9092153948414867,0.43274099650669573,Long/Short,6,"120,140,160,180,240,250"
250,CMIG4,IGTA3,0.03508040259869373,95,0.2502079300814874,13,0.2860356176818306,0.9204338372601903,0.291880249785661,Short/Long,8,"100,120,140,160,180,200,240,250"
250,CPFE3,CYRE3,0.026877211200823304,95,0.4448212712811225,9,0.402047816668726,0.8800691194898518,0.5439388091214318,Long/Short,2,"240,250"
250,CPFE3,ECOR3,0.02357228828248009,95,1.0842765356659811,9,0.3459401285256328,0.8860716999617385,0.7012329281394601,Long/Short,9,"100,120,140,160,180,200,220,240,250"
250,CPFE3,EGIE3,0.0342733256665396,95,0.6207911542984563,10,0.4651280467776816,0.8522833875769672,0.06604174095410502,Long/Short,3,"220,240,250"
250,CPFE3,ENBR3,0.011737800485128427,95,1.35128043620887,9,0.39028660757322814,0.9070501770839906,0.049865928700259944,Long/Short,7,"100,120,180,200,220,240,250"
250,CPFE3,ENGI11,9.365647006997786e-05,99,0.5648801551782291,5,0.2264335365614037,0.9541112082359435,1.1103463141042087,Long/Short,9,"100,120,140,160,180,200,220,240,250"
250,CPFE3,FLRY3,0.008208151359628293,99,0.7395520435846941,7,0.34132356604071373,0.8864761294074008,0.5751341827963496,Long/Short,9,"100,120,140,160,180,200,220,240,250"
250,CPFE3,GGBR4,0.0190118745481025,95,0.7627990972351077,9,0.44235852708980766,0.837480508127601,0.8203217909194703,Long/Short,7,"120,140,160,180,200,220,250"
250,CPFE3,GOAU4,0.008682985470996883,99,1.6158583441752847,8,0.435241390207929,0.8654094332400808,0.8118557742889928,Long/Short,7,"140,160,180,200,220,240,250"
250,CPFE3,HYPE3,0.03122708097158748,95,0.7938789923449787,9,0.3802071177481569,0.7733470317835186,0.8079164786097832,Long/Short,8,"100,140,160,180,200,220,240,250"
250,CPFE3,IGTA3,0.034261001275233856,95,0.30093921961873343,11,0.41108029192542955,0.8187917593959714,0.2708411002267819,Short/Long,1,250
250,CPFE3,LREN3,0.006738708286007555,99,0.3567192720468149,9,0.3320073333841111,0.8593653495934721,0.0501326494444874,Short/Long,7,"100,120,140,200,220,240,250"
250,CPFE3,MRVE3,0.01837794482407668,95,0.8756135640690853,10,0.3799488208066904,0.8066793626767741,0.55512622495118,Long/Short,3,"220,240,250"
250,CPFE3,MULT3,0.012831187698580573,95,0.5368814023003365,9,0.36350381229155304,0.8484564195304883,0.391003048734729,Short/Long,3,"220,240,250"
250,CPFE3,PETR4,0.049660964785409774,90,0.3961156929761166,13,0.4542133249841006,0.701093570931885,0.19388619433772766,Long/Short,3,"100,120,250"
250,CPFE3,QUAL3,0.03206616398047893,95,0.3630132190168306,9,0.43251795348736494,0.8109707805444114,0.4464713576308365,Long/Short,5,"140,200,220,240,250"
250,CPFE3,RENT3,0.0012261677082999226,99,0.38558281032599667,6,0.27112691644137255,0.9032063556364404,0.6220317119554858,Long/Short,9,"100,120,140,160,180,200,220,240,250"
250,CPFE3,SULA11,0.01033728137855775,95,0.3124914084016892,8,0.3627499787476393,0.864012375935618,0.5450873302123138,Long/Short,9,"100,120,140,160,180,200,220,240,250"
250,CPFE3,TAEE11,0.0001926020562326571,99,1.817489661432412,6,0.24781524828061607,0.909185961733795,0.6006727289974864,Long/Short,9,"100,120,140,160,180,200,220,240,250"
250,CPFE3,UGPA3,0.00888626022035121,99,0.6504761077791889,9,0.44757816483205887,0.8258317343843347,0.4251654669200709,Long/Short,4,"200,220,240,250"
250,CPFE3,USIM5,0.020358192852483685,95,1.3254413338785866,10,0.4663547826522528,0.7735945148144349,0.4608173703937573,Long/Short,5,"140,200,220,240,250"
250,CPFE3,VIVT4,0.019238432737081326,95,0.5850911004838109,11,0.44968715627083733,0.7296322150246186,0.08176334509920452,Short/Long,4,"200,220,240,250"
250,CSAN3,KLBN11,0.015395912537425095,95,3.8034218072791006,9,0.3272593488040455,0.857609573015493,0.31738994397434517,Long/Short,4,"200,220,240,250"
250,CSAN3,TIMP3,0.018689912553578193,95,5.246838712609761,9,0.30428836082550803,0.8986552886706405,0.5588412441030522,Short/Long,5,"160,200,220,240,250"
250,CSNA3,ELET3,0.02403055750562337,95,0.359822738556121,12,0.4778247527131419,0.859510584336783,0.011696629905237942,Long/Short,8,"120,140,160,180,200,220,240,250"
250,CSNA3,ELET6,0.03601954039713143,95,0.38389963109121317,14,0.4751623733394489,0.8329700786608482,0.06667156290824634,Short/Long,8,"120,140,160,180,200,220,240,250"
250,CSNA3,GOLL4,0.016645486919986175,95,0.2517893491801964,10,0.3764673401168358,0.9134877677941954,0.39328712307052516,Short/Long,6,"160,180,200,220,240,250"
250,CSNA3,MRVE3,0.02515789139898306,95,0.910155582367291,10,0.26526562285731514,0.8476655876587783,0.3580011895959236,Long/Short,9,"100,120,140,160,180,200,220,240,250"
250,CVCB3,ELET3,0.03796646976366303,95,2.0535946685843682,11,0.448956116468947,0.9010288770690148,0.685491274450185,Long/Short,3,"100,120,250"
250,CVCB3,JBSS3,0.004678851940400407,99,3.6832563083335748,9,0.3500472660072409,0.8124325273725537,0.13570253751290245,Long/Short,7,"120,160,180,200,220,240,250"
250,CYRE3,EGIE3,0.028299441897286934,95,1.3096030439385942,9,0.3763841799437938,0.9087552728993695,0.5471083311375518,Short/Long,9,"100,120,140,160,180,200,220,240,250"
250,CYRE3,ENBR3,0.02328180140600033,95,2.737246285473301,9,0.3296205828003478,0.9286850685106873,0.6107432773042861,Short/Long,7,"140,160,180,200,220,240,250"
250,CYRE3,ENGI11,0.043038021809562066,95,1.0361199015421185,13,0.37777587731399764,0.8845481123340264,0.21309902217943677,Long/Short,3,"120,140,250"
250,CYRE3,LREN3,0.010323939528477636,95,0.7914693603507208,5,0.27541131117024237,0.9637272452451972,1.1848840688098121,Short/Long,9,"100,120,140,160,180,200,220,240,250"
250,CYRE3,SBSP3,0.02865587760145139,95,0.7123218694539424,13,0.23207580146132123,0.9033953300249234,0.9525269667992942,Long/Short,3,"220,240,250"
250,CYRE3,UGPA3,0.028240058864673127,95,1.3939505240881092,12,0.47452818710103295,0.8944917558364455,0.027504124949944798,Short/Long,1,250
250,CYRE3,USIM5,0.02754079027957368,95,2.997699792399198,12,0.42889797758698095,0.8843206656938102,0.0804233351037372,Long/Short,9,"100,120,140,160,180,200,220,240,250"
250,CYRE3,VIVT4,0.001561120656386772,99,1.3608788763755844,8,0.29416189148176236,0.857765838737815,0.7297727753913233,Short/Long,7,"140,160,180,200,220,240,250"
250,ECOR3,ENGI11,0.041676500575504455,95,0.41471386598996424,13,0.3655554024047644,0.8571610530391404,0.04851889974850666,Long/Short,9,"100,120,140,160,180,200,220,240,250"
250,ECOR3,FLRY3,0.0015324593435611816,99,0.6462557051977691,6,0.31993867116206814,0.9479248048115383,0.18294928025724436,Short/Long,9,"100,120,140,160,180,200,220,240,250"
250,ECOR3,GGBR4,0.017307761287083768,95,0.6554953554965919,10,0.3893541299208741,0.8806540767590334,0.28643455901154985,Long/Short,9,"100,120,140,160,180,200,220,240,250"
250,ECOR3,GOAU4,0.02418176935449311,95,1.3517452631427913,10,0.36410820037867614,0.8858993632235992,0.19835969733795028,Long/Short,9,"100,120,140,160,180,200,220,240,250"
250,ECOR3,HYPE3,0.005691041080969067,99,0.7110994891647937,7,0.25398522950244873,0.8476599679554648,0.39151986646677034,Long/Short,6,"100,180,200,220,240,250"
250,ECOR3,QUAL3,0.0031876081986227482,99,0.34244222808067304,6,0.3958652470118718,0.9361410172916552,0.2153775453874034,Short/Long,5,"180,200,220,240,250"
250,ECOR3,SULA11,0.016351871031979513,95,0.272793093059218,8,0.4177929534597738,0.9229675781989136,0.12802855063444976,Short/Long,4,"200,220,240,250"
250,ECOR3,TAEE11,0.0035062736293254033,99,1.4542424250361765,6,0.26824230989590686,0.8902024314027601,0.1349780082620484,Short/Long,9,"100,120,140,160,180,200,220,240,250"
250,ECOR3,UGPA3,0.013120399135942373,95,0.5586383709949296,12,0.4139242147294061,0.8678849840177368,0.16801854931229349,Short/Long,8,"120,140,160,180,200,220,240,250"
250,ECOR3,VIVT4,0.012286532905210092,95,0.5245058935522039,12,0.30764991540284997,0.8003907751802325,0.6929375595985946,Short/Long,6,"160,180,200,220,240,250"
250,EGIE3,ENBR3,0.00506968814965577,99,1.9158552537691638,7,0.40899767627173816,0.9367204771294143,0.10864888403264948,Long/Short,7,"140,160,180,200,220,240,250"
250,EGIE3,IGTA3,0.020189253503631467,95,0.4463862103205224,9,0.3568085811516837,0.8846407468940002,0.3666105294007797,Short/Long,8,"100,120,140,160,180,220,240,250"
250,EGIE3,LREN3,0.011202922259434074,95,0.5118392468753555,8,0.32519244883484694,0.89814477099942,0.03516346858413849,Short/Long,9,"100,120,140,160,180,200,220,240,250"
250,EGIE3,MRVE3,0.011182681758767509,95,1.2571678715754342,8,0.311586559476175,0.8436129466662263,0.659573596332982,Long/Short,3,"220,240,250"
250,EGIE3,MULT3,0.004429768304775857,99,0.7868964419718445,7,0.2991401574237582,0.9057957069337244,0.5161094450245644,Short/Long,9,"100,120,140,160,180,200,220,240,250"
250,EGIE3,RENT3,0.048997181232727366,90,0.49475150527430173,11,0.4195132200960712,0.8441467279007252,0.569965622214513,Long/Short,1,250
250,EGIE3,TAEE11,0.04342031562044059,95,2.3841347405025766,10,0.32404750698170554,0.8687064878256439,0.5785661460183077,Long/Short,4,"180,200,220,250"
250,EGIE3,UGPA3,0.006667509711802425,99,0.9688532097685019,8,0.379723912258489,0.8959415899395294,0.5748981710920339,Long/Short,4,"200,220,240,250"
250,EGIE3,USIM5,0.026860712282044,95,2.0756334338622633,7,0.3988559075565982,0.8823990380301514,0.6498748719853107,Long/Short,2,"240,250"
250,EGIE3,VIVT4,0.006610829623933025,99,0.9456701065525002,7,0.33024219726210835,0.8589772584776164,0.2108493870034165,Short/Long,8,"120,140,160,180,200,220,240,250"
250,ELET3,ELET6,0.028370753938107836,95,1.0921447591444142,7,0.407511115890576,0.9920402383738475,0.4632162577021663,Short/Long,7,"120,160,180,200,220,240,250"
250,ELET3,GOLL4,0.0381742804178483,95,0.5897267397436515,10,0.4290583172785395,0.8956814434577395,0.2572492192436596,Short/Long,7,"120,140,160,180,200,240,250"
250,ELET3,IRBR3,0.031015181142489516,95,0.15683642430386538,11,0.3747896159773696,0.7688549371100963,0.09568838052932886,Short/Long,4,"160,180,240,250"
250,ELET3,ITUB4,0.019856308421878553,95,1.1480124489959125,12,0.42142037630955387,0.8773818946078878,0.36267837289531285,Short/Long,5,"120,180,200,240,250"
250,ELET6,IRBR3,0.04052621738663627,95,0.13918833806641182,12,0.3964250684345357,0.7511924987829285,0.012952600732090654,Long/Short,5,"140,160,180,200,250"
250,ELET6,ITUB4,0.027166480337814058,95,1.0195722218653236,13,0.4605190971695263,0.8578492646508195,0.1985308871928089,Short/Long,4,"120,180,200,250"
250,ELET6,JBSS3,0.035796320386619035,95,1.454295197009507,10,0.4521489461308435,0.8048869160526911,0.20543784610069635,Short/Long,4,"200,220,240,250"
250,ENBR3,IGTA3,0.0033893650406960005,99,0.23149162400220447,6,0.2876116026932034,0.9383052169953036,0.6330770105366115,Short/Long,9,"100,120,140,160,180,200,220,240,250"
250,ENBR3,LREN3,8.017333807814273e-05,99,0.2657214485950531,4,0.1463924470979889,0.9536566762464989,0.1812146262102695,Short/Long,9,"100,120,140,160,180,200,220,240,250"
250,ENBR3,MRVE3,0.0009853277614979845,99,0.6655658564913578,6,0.2213649058483137,0.9134687132658016,0.8263738819762063,Long/Short,7,"140,160,180,200,220,240,250"
250,ENBR3,MULT3,0.0020242763152261496,99,0.39853628444925604,6,0.2521641796233885,0.9382816523900838,0.7325615003848879,Short/Long,9,"100,120,140,160,180,200,220,240,250"
250,ENBR3,RENT3,0.0021317321784442927,99,0.26676028824537146,6,0.2608741041074939,0.9309035259256796,0.7695052446828086,Long/Short,7,"100,160,180,200,220,240,250"
250,ENBR3,TAEE11,0.043649433690999814,95,1.167051793091409,10,0.22058803634232452,0.8697312586604333,0.5574787932391344,Long/Short,8,"100,120,140,160,180,200,220,250"
250,ENBR3,UGPA3,0.01909538981505743,95,0.4785183604769681,9,0.3702427089511445,0.9050508923202418,0.5696175148368812,Long/Short,4,"160,180,200,250"
250,ENBR3,USIM5,0.017499074331796,95,1.0558239393100632,6,0.3722370634523076,0.9180335504712227,0.7296463534031981,Long/Short,8,"120,140,160,180,200,220,240,250"
250,ENBR3,VIVT4,0.00713465868669128,99,0.44627126333677536,10,0.35755904144174017,0.8290745951534282,0.17949207302129377,Short/Long,6,"160,180,200,220,240,250"
250,ENGI11,FLRY3,0.010853193925809223,95,1.2372681594708796,8,0.31843876832309714,0.8780504321303197,0.12862590400770407,Short/Long,9,"100,120,140,160,180,200,220,240,250"
250,ENGI11,GGBR4,0.014090914166848665,95,1.2919388181025055,9,0.441120351462291,0.839776669555374,0.219860968540546,Long/Short,9,"100,120,140,160,180,200,220,240,250"
250,ENGI11,GOAU4,0.005155099827777613,99,2.738606931225949,7,0.4398311854788186,0.8683711026066424,0.1568236410880273,Long/Short,8,"100,140,160,180,200,220,240,250"
250,ENGI11,HYPE3,0.043228258370923166,95,1.3064999569149816,10,0.3609398796034419,0.7535062051029097,0.27441975239746735,Long/Short,9,"100,120,140,160,180,200,220,240,250"
250,ENGI11,LREN3,0.014964841776942687,95,0.6091905204473846,9,0.37654898730595465,0.8688838445002667,0.7260982497555541,Short/Long,8,"100,120,140,160,200,220,240,250"
250,ENGI11,MRVE3,0.010663666054854923,95,1.5086948525279025,9,0.3679962874206379,0.8229002507128294,0.004389174889163799,Short/Long,6,"100,160,200,220,240,250"
250,ENGI11,MULT3,0.03436672047388727,95,0.914632829887324,10,0.40781656742055533,0.8557665085106178,1.046157251757914,Short/Long,2,"240,250"
250,ENGI11,RENT3,0.0007296093562969083,99,0.6624132090917196,5,0.283949012991001,0.9186617300875105,0.16302853811497897,Short/Long,9,"100,120,140,160,180,200,220,240,250"
250,ENGI11,SBSP3,0.029631362010089757,95,0.606292737820514,9,0.3749052933117106,0.9006840768949069,0.7297252391286067,Long/Short,3,"140,240,250"
250,ENGI11,SULA11,0.030892961758284123,95,0.4975390471628805,10,0.4228597117525127,0.8144536465268248,0.08122498727219099,Short/Long,4,"200,220,240,250"
250,ENGI11,TAEE11,0.0003504353301733296,99,3.0535047734999847,5,0.2385445636686282,0.9043503180646472,0.18297808487323097,Short/Long,9,"100,120,140,160,180,200,220,240,250"
250,ENGI11,UGPA3,0.00967509850049071,95,1.10884020131485,9,0.463829289733034,0.8334633385352292,0.16431162224468268,Short/Long,4,"200,220,240,250"
250,ENGI11,USIM5,0.008017275520914788,99,2.3836959795979027,8,0.45240678190353684,0.8236848078737626,0.07813561418068185,Short/Long,8,"100,120,140,180,200,220,240,250"
250,ENGI11,VIVT4,0.04878985237220049,90,1.0030753531890393,14,0.5116495110186997,0.7405789916768,0.5831382870239472,Short/Long,1,250
250,FLRY3,GGBR4,0.00039891928154980823,99,1.013006468622752,6,0.3559556226384865,0.9278514524454317,0.5485017034704937,Long/Short,8,"120,140,160,180,200,220,240,250"
250,FLRY3,GOAU4,0.0005551030953370282,99,2.0699387016487893,7,0.3620491844833644,0.9248632440901804,0.41681312406466786,Long/Short,8,"120,140,160,180,200,220,240,250"
250,FLRY3,HYPE3,0.012161457878263436,95,1.0217011192947636,8,0.3027384092562513,0.8303203427489155,0.487546946811778,Long/Short,9,"100,120,140,160,180,200,220,240,250"
250,FLRY3,QUAL3,0.023334015701178518,95,0.503770712779687,6,0.4596182354906758,0.9388957611348121,0.02852819466523015,Short/Long,6,"140,160,200,220,240,250"
250,FLRY3,SBSP3,0.044541948292144584,95,0.4112348237108103,12,0.29175829847135215,0.860843844504209,0.7604367449272113,Long/Short,5,"160,180,200,220,250"
250,FLRY3,SULA11,0.0030080963848005474,99,0.4058182531378717,6,0.38281488804566144,0.9360847170478782,0.04306305095316211,Long/Short,6,"160,180,200,220,240,250"
250,FLRY3,TAEE11,0.00019056328936224454,99,2.1880107342533766,5,0.23454740877255756,0.9131285389043461,0.0024857538294238723,Long/Short,9,"100,120,140,160,180,200,220,240,250"
250,FLRY3,UGPA3,0.005496115937903606,99,0.8242323149428175,10,0.4388959827200554,0.8729945883515853,0.03708191024467215,Short/Long,5,"180,200,220,240,250"
250,FLRY3,VIVT4,0.009329714718008671,95,0.778836820429144,10,0.3405823721856342,0.8102679849288087,0.6061422030325917,Short/Long,6,"160,180,200,220,240,250"
250,GGBR4,GOAU4,0.04763550417319521,95,2.0367799481476045,7,0.22143403497802036,0.9935687256591348,0.43838573633287303,Short/Long,8,"100,120,140,160,180,200,220,250"
250,GGBR4,SULA11,0.005872068845841629,99,0.35414777087587374,10,0.4052670399108407,0.8918706185485757,0.4123907544087845,Short/Long,7,"140,160,180,200,220,240,250"
250,GGBR4,TAEE11,0.00017769492102008222,99,1.9683725689673417,5,0.2741320418124154,0.8968576954173559,0.4624511521020963,Short/Long,9,"100,120,140,160,180,200,220,240,250"
250,GGBR4,UGPA3,0.03599698602537258,95,0.8082651292995007,10,0.270302426846833,0.9346511039614168,0.6713797591698778,Short/Long,9,"100,120,140,160,180,200,220,240,250"
250,GNDI3,KLBN11,0.038259318506238635,95,2.850148448818151,15,0.41382087292491004,0.6935878668536035,0.1105098206745163,Short/Long,5,"120,160,220,240,250"
250,GNDI3,SUZB3,0.02646109997953796,95,1.3354794057125976,13,0.3994278076596418,0.6501713356462934,0.5349237290925188,Short/Long,2,"240,250"
250,GOAU4,SBSP3,0.03364393042991955,95,0.18502331584857626,13,0.43839647336103404,0.8668439426446434,0.4610402366364604,Long/Short,3,"100,220,250"
250,GOAU4,SULA11,0.004137959105851327,99,0.17275162284895418,9,0.39025773901202404,0.8918373943088983,0.302622673061171,Short/Long,6,"160,180,200,220,240,250"
250,GOAU4,TAEE11,9.569458955120338e-05,99,0.969383501860421,5,0.2784669334524376,0.9054366229755328,0.3684171554173537,Short/Long,9,"100,120,140,160,180,200,220,240,250"
250,GOAU4,UGPA3,0.00928359766071679,95,0.3998107787970084,7,0.27763281256496936,0.9477556387896198,0.6009866242021411,Short/Long,9,"100,120,140,160,180,200,220,240,250"
250,GOAU4,VIVT4,0.04205280630110378,95,0.33798357630991416,12,0.35318701156414034,0.7869692553175522,0.8091470338244551,Short/Long,1,250
250,GOLL4,ITSA4,0.029899323233992435,95,5.322131121937852,10,0.3397559645876627,0.9520496946670124,0.2716993575034671,Short/Long,8,"120,140,160,180,200,220,240,250"
250,GOLL4,ITUB4,0.00015605954664728723,99,1.9266605830293777,5,0.30579696861826905,0.9694926626509469,0.24895969439986737,Short/Long,9,"100,120,140,160,180,200,220,240,250"
250,GOLL4,PETR3,0.03254739735754629,95,1.6650666927771491,10,0.3464071353364605,0.9404172767307897,0.30438126803590715,Long/Short,9,"100,120,140,160,180,200,220,240,250"
250,GOLL4,SANB11,0.020457756038098067,95,1.2241506879966537,9,0.3865773599153785,0.9573723925476281,0.5228526617458357,Short/Long,5,"120,200,220,240,250"
250,HAPV3,SUZB3,0.03355947831799867,95,0.9691860109279364,12,0.37102259591439146,0.6103898004910023,0.6115723159653276,Short/Long,1,250
250,HAPV3,VALE3,0.028140156235289607,95,0.9455945734945187,14,0.3741489276873312,0.5772571152402897,0.18496161574833825,Short/Long,9,"100,120,140,160,180,200,220,240,250"
250,HGTX3,ITUB4,0.03546993171048478,95,1.4477220201123155,10,0.3748034452355494,0.9453848402825429,0.6383573192626641,Long/Short,3,"180,240,250"
250,HGTX3,JBSS3,0.03194839250910216,95,1.87461952293103,11,0.395368024874679,0.8052410353764765,0.39804214961395845,Long/Short,5,"120,180,220,240,250"
250,HGTX3,SANB11,0.027216808583915172,95,0.9391497791382957,12,0.39524925128479466,0.9531582669545478,0.355665502824748,Long/Short,7,"100,120,180,200,220,240,250"
250,HYPE3,KLBN11,0.04366092089875845,95,0.5532055482177765,11,0.38495038861389225,0.44022244546032846,0.15232851952832963,Long/Short,2,"240,250"
250,HYPE3,LREN3,0.017990573278512476,95,0.287653079383706,9,0.23022029826678386,0.7113775900748593,0.7047424753981706,Short/Long,9,"100,120,140,160,180,200,220,240,250"
250,HYPE3,MULT3,0.024657509064969035,95,0.4208568870733954,9,0.284117404658648,0.6827559681667869,0.8639825062788447,Short/Long,7,"100,160,180,200,220,240,250"
250,HYPE3,PETR4,0.02187588277027131,95,0.2915503908338106,10,0.31043372222494714,0.5297213181962028,0.40132947933141,Short/Long,6,"160,180,200,220,240,250"
250,HYPE3,QUAL3,0.0005181852259946504,99,0.3589756528298408,5,0.29164554621500394,0.823242243482765,0.5014952442115357,Short/Long,9,"100,120,140,160,180,200,220,240,250"
250,HYPE3,RADL3,0.015183781074023064,95,0.1537789603790265,8,0.32840490663319577,0.6589259312870274,0.01969540192784249,Short/Long,9,"100,120,140,160,180,200,220,240,250"
250,HYPE3,RENT3,0.018709407707113084,95,0.29155372649007366,9,0.2685913429358957,0.7010803649992589,0.34494876431599336,Short/Long,9,"100,120,140,160,180,200,220,240,250"
250,HYPE3,SBSP3,0.004754705935005467,99,0.2876717015411059,7,0.21533566747775817,0.740985701238863,0.08861564716503932,Long/Short,9,"100,120,140,160,180,200,220,240,250"
250,HYPE3,SULA11,0.006012858668233764,99,0.2638758345971681,7,0.30063364490058014,0.7489647680258,0.3802914778858716,Short/Long,6,"160,180,200,220,240,250"
250,HYPE3,SUZB3,0.03965980522103771,95,0.20438848255775882,11,0.37825191365699173,0.32538587109503625,0.09005095848079375,Short/Long,2,"240,250"
250,HYPE3,TAEE11,0.004203171876650102,99,1.429773053867331,7,0.22904740017562067,0.734222631532347,0.3887272056451995,Short/Long,9,"100,120,140,160,180,200,220,240,250"
250,HYPE3,TIMP3,0.024954207484578696,95,1.0502033437526006,9,0.2954707028551858,0.6348035458840268,0.06199508056196136,Short/Long,7,"100,120,140,160,220,240,250"
250,HYPE3,TOTS3,0.02391264610697342,95,0.1039983872168736,9,0.2829752354243178,0.5998478815224678,0.8676283376084559,Short/Long,5,"180,200,220,240,250"
250,HYPE3,UGPA3,0.010062169166142094,95,0.49319663211411346,8,0.3214571767468341,0.6427768207669247,0.34913681245347084,Short/Long,8,"100,140,160,180,200,220,240,250"
250,HYPE3,USIM5,0.015227236838812027,95,0.9159116702315622,9,0.30713906608044417,0.5487649327695828,0.26199683824208614,Short/Long,9,"100,120,140,160,180,200,220,240,250"
250,HYPE3,VIVT4,0.022065744614062063,95,0.5326391183748735,9,0.31254104846630953,0.6818572370159685,0.7785669275352308,Short/Long,5,"180,200,220,240,250"
250,HYPE3,VVAR3,0.02282795680935344,95,0.5745032427335335,9,0.271080174174272,0.6349165298922239,0.4352865043507256,Long/Short,4,"200,220,240,250"
250,IGTA3,LREN3,0.023042606409325286,95,1.0943421861290101,6,0.30341482069316544,0.9689686677621611,0.8047899984929897,Long/Short,9,"100,120,140,160,180,200,220,240,250"
250,IGTA3,MULT3,0.02738207059604208,95,1.6914345187112332,9,0.2626665080144689,0.9824528040338114,0.12913705943306084,Short/Long,9,"100,120,140,160,180,200,220,240,250"
250,IGTA3,USIM5,0.040828994576684,95,4.352774369476567,9,0.28856911623198067,0.9337365406761143,1.5312982692651762,Long/Short,3,"220,240,250"
250,IGTA3,VIVT4,0.0021509561506629035,99,1.8043524647201996,10,0.26346491624883855,0.8270032438987636,0.28827905534844217,Long/Short,9,"100,120,140,160,180,200,220,240,250"
250,ITSA4,PETR3,0.008980038260725607,99,0.3039497221123285,9,0.34579100842342453,0.9596583982956493,0.7362605726820272,Long/Short,4,"200,220,240,250"
250,ITSA4,PETR4,0.012531272250076771,95,0.3452824442047596,9,0.3318474513410799,0.9519397332319606,0.7199769541945555,Long/Short,4,"200,220,240,250"
250,ITSA4,SANB11,0.0061650709731298475,99,0.22455817294649721,9,0.3643470905603911,0.9817498348074661,0.29358187465441604,Short/Long,9,"100,120,140,160,180,200,220,240,250"
250,ITUB4,PETR3,0.030781083039539074,95,0.8385334743929171,11,0.36967150473737226,0.941174291601374,0.5355383573300194,Long/Short,4,"180,200,220,250"
250,ITUB4,SANB11,0.011240887358548632,95,0.6348336867331507,8,0.37905835554527334,0.9866580612755128,0.5668732264185037,Short/Long,7,"140,160,180,200,220,240,250"
250,JBSS3,PETR3,0.03793862619632343,95,0.4411681895017005,11,0.47053544333673947,0.7527738640953366,0.47918330743145154,Long/Short,3,"160,180,250"
250,JBSS3,SANB11,0.016959793795375898,95,0.31696476450784977,10,0.4537754983853858,0.7489078479789838,0.18565409880146966,Long/Short,5,"180,200,220,240,250"
250,KLBN11,LAME4,0.021322677463790504,95,0.43057026018643485,9,0.37389125639216136,0.8485696825369231,0.2869416009958666,Long/Short,5,"180,200,220,240,250"
250,KLBN11,VVAR3,0.017763336186140868,95,0.5940280318492938,12,0.41196904311453647,0.8249838261634054,0.015984309387747718,Short/Long,7,"140,160,180,200,220,240,250"
250,LREN3,MRVE3,0.032703340136327974,95,2.325762663253518,9,0.2768185306630247,0.8894112014235833,0.9106548648434268,Long/Short,4,"200,220,240,250"
250,LREN3,MULT3,0.024587679070997577,95,1.480392802170272,6,0.3158583079578788,0.9711289013425203,0.8355292039983654,Short/Long,7,"140,160,180,200,220,240,250"
250,LREN3,USIM5,0.029203865066801685,95,3.7770282550511185,7,0.30172414196664415,0.9150647798504798,0.9111321648224763,Long/Short,9,"100,120,140,160,180,200,220,240,250"
250,LREN3,VIVT4,0.0008829783007393689,99,1.635988647837702,8,0.26465954892580407,0.8468559220012281,0.06366025009526007,Short/Long,8,"120,140,160,180,200,220,240,250"
250,MRVE3,PETR3,0.02470469308084731,95,0.39055683554612275,9,0.3241029271256199,0.8592700493977132,0.47121807446021663,Short/Long,7,"100,120,140,160,220,240,250"
250,MRVE3,PETR4,0.020572430422164237,95,0.45158296230792344,9,0.31107722883096284,0.8675669887361428,0.4719759410380945,Short/Long,8,"100,120,140,160,200,220,240,250"
250,MRVE3,RAIL3,0.02970584775143345,95,0.9450994642097033,11,0.329520506374631,0.73057715199694,0.2034431365085486,Long/Short,4,"200,220,240,250"
250,MRVE3,RENT3,0.0048734361951191674,99,0.35239397162919517,7,0.33447708118389524,0.8960027137268944,0.09382378897030648,Short/Long,8,"100,120,160,180,200,220,240,250"
250,MRVE3,SBSP3,0.013030336716688054,95,0.3103208586723709,9,0.24881783826578238,0.8451918506575532,0.6014585756037911,Long/Short,7,"100,160,180,200,220,240,250"
250,MRVE3,SULA11,0.0468358176085874,95,0.2420331047052761,13,0.35051157325970267,0.7263872084402866,0.021206274598977556,Short/Long,5,"180,200,220,240,250"
250,MRVE3,TAEE11,0.03548007206552846,95,1.3997031676839236,11,0.20396153024735542,0.7600256540947722,0.05275424638676329,Short/Long,8,"100,120,140,160,180,200,220,250"
250,MRVE3,UGPA3,0.021726212430712488,95,0.6363289686559181,9,0.3072727273159656,0.8769068185642402,0.16680272042361546,Short/Long,9,"100,120,140,160,180,200,220,240,250"
250,MRVE3,USIM5,0.0015332619191823443,99,1.4446176673362396,6,0.3228316089372355,0.9152027738203603,0.0951229878972499,Short/Long,8,"120,140,160,180,200,220,240,250"
250,MRVE3,VIVT4,0.01859665751574116,95,0.48208145479979,13,0.33516982085163793,0.6525480069358172,0.4183492726617577,Short/Long,5,"180,200,220,240,250"
250,MULT3,VIVT4,9.925938032440757e-05,99,1.0928198899750323,7,0.2228905297833756,0.8623387850182445,0.3485878526260432,Long/Short,9,"100,120,140,160,180,200,220,240,250"
250,QUAL3,SULA11,0.004444910617457611,99,0.760776236922243,7,0.3319284573279412,0.9415774607825432,0.10374733778144402,Long/Short,3,"220,240,250"
250,QUAL3,TAEE11,0.02496143522352336,95,3.648826438646644,9,0.4170415363353773,0.817054848695529,0.06583177437626264,Long/Short,4,"140,220,240,250"
250,QUAL3,UGPA3,0.046827756141048255,95,1.4274510498050117,15,0.5062492726140311,0.8112200494076667,0.025418976466442207,Long/Short,3,"220,240,250"
250,QUAL3,VIVT4,0.008910074367790689,99,1.502312034435563,7,0.2745029088961498,0.8386058507439949,0.6470984965249492,Short/Long,8,"120,140,160,180,200,220,240,250"
250,RADL3,SUZB3,0.01584904299351285,95,1.726372877952556,11,0.3825064955771178,0.6414121726485889,0.10719194151841016,Short/Long,2,"220,250"
250,RAIL3,UGPA3,0.009911449752066644,95,0.42176818300001934,9,0.38095164064719916,0.7518946555616192,0.3191327654083699,Short/Long,3,"220,240,250"
250,RAIL3,VALE3,0.021883616628820275,95,0.326036010887474,10,0.31210376460450734,0.6882007050440104,0.6312023680573506,Long/Short,7,"100,120,140,160,180,240,250"
250,RENT3,SBSP3,0.002037210596006968,99,0.8375223477601336,8,0.181035651790235,0.8971393009205106,0.8894023581773521,Long/Short,9,"100,120,140,160,180,200,220,240,250"
250,RENT3,TAEE11,0.03611847352001947,95,3.837762485219267,10,0.2923533753497674,0.8195765900381083,0.02286982399183571,Long/Short,8,"100,120,140,160,180,200,240,250"
250,RENT3,USIM5,0.003105639780488095,99,3.597930924408053,8,0.3493620683011555,0.8964712627653599,0.04941779424541822,Long/Short,9,"100,120,140,160,180,200,220,240,250"
250,RENT3,VIVT4,0.011815260559671598,95,1.3966029130303357,12,0.36052949745026724,0.743505407594997,0.4738880423355459,Short/Long,5,"180,200,220,240,250"
250,SBSP3,TAEE11,0.008924086290010298,99,4.275103935418864,9,0.3202672447379356,0.8523042447893634,0.7894671088784718,Short/Long,6,"140,180,200,220,240,250"
250,SBSP3,UGPA3,0.018096741255587547,95,1.6945543794934035,12,0.4812166419965405,0.8573989154889496,0.8534850063962048,Short/Long,2,"240,250"
250,SBSP3,USIM5,0.02858834560550486,95,3.6063281564453264,11,0.43220983510423233,0.8388519450425781,0.7167875694353067,Short/Long,5,"160,180,220,240,250"
250,SULA11,TAEE11,0.0028500322935463025,99,4.822524235426731,6,0.3687066020618835,0.872515818338761,0.004895277684970668,Long/Short,9,"100,120,140,160,180,200,220,240,250"
250,SULA11,UGPA3,0.0014185730918146676,99,1.869816870186749,9,0.46228767901420625,0.8585733623187745,0.040431993238774895,Short/Long,6,"160,180,200,220,240,250"
250,SULA11,VIVT4,0.007624639409280748,99,1.6958756183103518,12,0.37886277867542867,0.7648787986250557,0.5155600359782282,Short/Long,5,"180,200,220,240,250"
250,SUZB3,TIMP3,0.034621564299263,95,1.6594655680494448,12,0.4003329333868522,0.6300745258263138,0.09714261583986934,Short/Long,4,"200,220,240,250"
250,SUZB3,VVAR3,0.04207170553032813,95,0.8709965755953173,16,0.43318626697064055,0.6046420199000693,0.3600385190098007,Long/Short,4,"180,200,220,250"
250,SUZB3,WEGE3,0.03200761491471371,95,0.3768889639382826,13,0.41128871797894556,0.6795780001804516,0.7392401781388275,Long/Short,2,"240,250"
250,TAEE11,UGPA3,0.0006082313315110148,99,0.3397407271388712,6,0.3537094942750573,0.8622377994047998,0.004331398158525641,Short/Long,9,"100,120,140,160,180,200,220,240,250"
250,TAEE11,USIM5,0.01858622166728592,95,0.6467173039945868,8,0.3327660914587117,0.7545474936498096,0.0915767676305991,Long/Short,9,"100,120,140,160,180,200,220,240,250"
250,TAEE11,VIVT4,0.0321171307672923,95,0.30128552868513964,10,0.4178565423093565,0.7510658376316454,0.46063860803530093,Short/Long,2,"240,250"
250,TOTS3,VIVT4,0.0010075055575759384,99,3.655249295257658,6,0.2574033448299079,0.8112652476742057,0.7068373933592499,Long/Short,7,"140,160,180,200,220,240,250"
250,UGPA3,VIVT4,0.012638278736075094,95,0.8054227426485097,11,0.3255352697228741,0.7911233063990994,0.49001212694342844,Short/Long,4,"200,220,240,250"
250,USIM5,VIVT4,0.01479986840909665,95,0.359441441864345,11,0.2617472133747427,0.767990387949935,0.5296009284548802,Short/Long,6,"160,180,200,220,240,250"
